Code,Description,Link
0x00000001,APC\_INDEX\_MISMATCH,https://learn.microsoft.com/en-us/windows-hardware/drivers/debugger/bug-check-0x1--apc-index-mismatch
0x00000002,DEVICE\_QUEUE\_NOT\_BUSY,https://learn.microsoft.com/en-us/windows-hardware/drivers/debugger/bug-check-0x2--device-queue-not-busy
0x00000003,INVALID\_AFFINITY\_SET,https://learn.microsoft.com/en-us/windows-hardware/drivers/debugger/bug-check-0x3--invalid-affinity-set
0x00000004,INVALID\_DATA\_ACCESS\_TRAP,https://learn.microsoft.com/en-us/windows-hardware/drivers/debugger/bug-check-0x4--invalid-data-access-trap
0x00000005,INVALID\_PROCESS\_ATTACH\_ATTEMPT,https://learn.microsoft.com/en-us/windows-hardware/drivers/debugger/bug-check-0x5--invalid-process-attach-attempt
0x00000006,INVALID\_PROCESS\_DETACH\_ATTEMPT,https://learn.microsoft.com/en-us/windows-hardware/drivers/debugger/bug-check-0x6--invalid-process-detach-attempt
0x00000007,INVALID\_SOFTWARE\_INTERRUPT,https://learn.microsoft.com/en-us/windows-hardware/drivers/debugger/bug-check-0x7--invalid-software-interrupt
0x00000008,IRQL\_NOT\_DISPATCH\_LEVEL,https://learn.microsoft.com/en-us/windows-hardware/drivers/debugger/bug-check-0x8--irql-not-dispatch-level
0x00000009,IRQL\_NOT\_GREATER\_OR\_EQUAL,https://learn.microsoft.com/en-us/windows-hardware/drivers/debugger/bug-check-0x9--irql-not-greater-or-equal
0x0000000A,IRQL\_NOT\_LESS\_OR\_EQUAL,https://learn.microsoft.com/en-us/windows-hardware/drivers/debugger/bug-check-0xa--irql-not-less-or-equal
0x0000000B,NO\_EXCEPTION\_HANDLING\_SUPPORT,https://learn.microsoft.com/en-us/windows-hardware/drivers/debugger/bug-check-0xb--no-exception-handling-support
0x0000000C,MAXIMUM\_WAIT\_OBJECTS\_EXCEEDED,https://learn.microsoft.com/en-us/windows-hardware/drivers/debugger/bug-check-0xc--maximum-wait-objects-exceeded
0x0000000D,MUTEX\_LEVEL\_NUMBER\_VIOLATION,https://learn.microsoft.com/en-us/windows-hardware/drivers/debugger/bug-check-0xd--mutex-level-number-violation
0x0000000E,NO\_USER\_MODE\_CONTEXT,https://learn.microsoft.com/en-us/windows-hardware/drivers/debugger/bug-check-0xe--no-user-mode-context
0x0000000F,SPIN\_LOCK\_ALREADY\_OWNED,https://learn.microsoft.com/en-us/windows-hardware/drivers/debugger/bug-check-0xf--spin-lock-already-owned
0x00000010,SPIN\_LOCK\_NOT\_OWNED,https://learn.microsoft.com/en-us/windows-hardware/drivers/debugger/bug-check-0x10--spin-lock-not-owned
0x00000011,THREAD\_NOT\_MUTEX\_OWNER,https://learn.microsoft.com/en-us/windows-hardware/drivers/debugger/bug-check-0x11--thread-not-mutex-owner
0x00000012,TRAP\_CAUSE\_UNKNOWN,https://learn.microsoft.com/en-us/windows-hardware/drivers/debugger/bug-check-0x12--trap-cause-unknown
0x00000013,EMPTY\_THREAD\_REAPER\_LIST,https://learn.microsoft.com/en-us/windows-hardware/drivers/debugger/bug-check-0x13--empty-thread-reaper-list
0x00000014,CREATE\_DELETE\_LOCK\_NOT\_LOCKED,https://learn.microsoft.com/en-us/windows-hardware/drivers/debugger/bug-check-0x14--create-delete-lock-not-locked
0x00000015,LAST\_CHANCE\_CALLED\_FROM\_KMODE,https://learn.microsoft.com/en-us/windows-hardware/drivers/debugger/bug-check-0x15--last-chance-called-from-kmode
0x00000016,CID\_HANDLE\_CREATION,https://learn.microsoft.com/en-us/windows-hardware/drivers/debugger/bug-check-0x16--cid-handle-creation
0x00000017,CID\_HANDLE\_DELETION,https://learn.microsoft.com/en-us/windows-hardware/drivers/debugger/bug-check-0x17--cid-handle-deletion
0x00000018,REFERENCE\_BY\_POINTER,https://learn.microsoft.com/en-us/windows-hardware/drivers/debugger/bug-check-0x18--reference-by-pointer
0x00000019,BAD\_POOL\_HEADER,https://learn.microsoft.com/en-us/windows-hardware/drivers/debugger/bug-check-0x19--bad-pool-header
0x0000001A,MEMORY\_MANAGEMENT,https://learn.microsoft.com/en-us/windows-hardware/drivers/debugger/bug-check-0x1a--memory-management
0x0000001B,PFN\_SHARE\_COUNT,https://learn.microsoft.com/en-us/windows-hardware/drivers/debugger/bug-check-0x1b--pfn-share-count
0x0000001C,PFN\_REFERENCE\_COUNT,https://learn.microsoft.com/en-us/windows-hardware/drivers/debugger/bug-check-0x1c--pfn-reference-count
0x0000001D,NO\_SPIN\_LOCK\_AVAILABLE,https://learn.microsoft.com/en-us/windows-hardware/drivers/debugger/bug-check-0x1d--no-spin-lock-available
0x0000001E,KMODE\_EXCEPTION\_NOT\_HANDLED,https://learn.microsoft.com/en-us/windows-hardware/drivers/debugger/bug-check-0x1e--kmode-exception-not-handled
0x0000001F,SHARED\_RESOURCE\_CONV\_ERROR,https://learn.microsoft.com/en-us/windows-hardware/drivers/debugger/bug-check-0x1f--shared-resource-conv-error
0x00000020,KERNEL\_APC\_PENDING\_DURING\_EXIT,https://learn.microsoft.com/en-us/windows-hardware/drivers/debugger/bug-check-0x20--kernel-apc-pending-during-exit
0x00000021,QUOTA\_UNDERFLOW,https://learn.microsoft.com/en-us/windows-hardware/drivers/debugger/bug-check-0x21--quota-underflow
0x00000022,FILE\_SYSTEM,https://learn.microsoft.com/en-us/windows-hardware/drivers/debugger/bug-check-0x22--file-system
0x00000023,FAT\_FILE\_SYSTEM,https://learn.microsoft.com/en-us/windows-hardware/drivers/debugger/bug-check-0x23--fat-file-system
0x00000024,NTFS\_FILE\_SYSTEM,https://learn.microsoft.com/en-us/windows-hardware/drivers/debugger/bug-check-0x24--ntfs-file-system
0x00000025,NPFS\_FILE\_SYSTEM,https://learn.microsoft.com/en-us/windows-hardware/drivers/debugger/bug-check-0x25--npfs-file-system
0x00000026,CDFS\_FILE\_SYSTEM,https://learn.microsoft.com/en-us/windows-hardware/drivers/debugger/bug-check-0x26--cdfs-file-system
0x00000027,RDR\_FILE\_SYSTEM,https://learn.microsoft.com/en-us/windows-hardware/drivers/debugger/bug-check-0x27--rdr-file-system
0x00000028,CORRUPT\_ACCESS\_TOKEN,https://learn.microsoft.com/en-us/windows-hardware/drivers/debugger/bug-check-0x28--corrupt-access-token
0x00000029,SECURITY\_SYSTEM,https://learn.microsoft.com/en-us/windows-hardware/drivers/debugger/bug-check-0x29--security-system
0x0000002A,INCONSISTENT\_IRP,https://learn.microsoft.com/en-us/windows-hardware/drivers/debugger/bug-check-0x2a--inconsistent-irp
0x0000002B,PANIC\_STACK\_SWITCH,https://learn.microsoft.com/en-us/windows-hardware/drivers/debugger/bug-check-0x2b--panic-stack-switch
0x0000002C,PORT\_DRIVER\_INTERNAL,https://learn.microsoft.com/en-us/windows-hardware/drivers/debugger/bug-check-0x2c--port-driver-internal
0x0000002D,SCSI\_DISK\_DRIVER\_INTERNAL,https://learn.microsoft.com/en-us/windows-hardware/drivers/debugger/bug-check-0x2d--scsi-disk-driver-internal
0x0000002E,DATA\_BUS\_ERROR,https://learn.microsoft.com/en-us/windows-hardware/drivers/debugger/bug-check-0x2e--data-bus-error
0x0000002F,INSTRUCTION\_BUS\_ERROR,https://learn.microsoft.com/en-us/windows-hardware/drivers/debugger/bug-check-0x2f--instruction-bus-error
0x00000030,SET\_OF\_INVALID\_CONTEXT,https://learn.microsoft.com/en-us/windows-hardware/drivers/debugger/bug-check-0x30--set-of-invalid-context
0x00000031,PHASE0\_INITIALIZATION\_FAILED,https://learn.microsoft.com/en-us/windows-hardware/drivers/debugger/bug-check-0x31--phase0-initialization-failed
0x00000032,PHASE1\_INITIALIZATION\_FAILED,https://learn.microsoft.com/en-us/windows-hardware/drivers/debugger/bug-check-0x32--phase1-initialization-failed
0x00000033,UNEXPECTED\_INITIALIZATION\_CALL,https://learn.microsoft.com/en-us/windows-hardware/drivers/debugger/bug-check-0x33--unexpected-initialization-call
0x00000034,CACHE\_MANAGER,https://learn.microsoft.com/en-us/windows-hardware/drivers/debugger/bug-check-0x34--cache-manager
0x00000035,NO\_MORE\_IRP\_STACK\_LOCATIONS,https://learn.microsoft.com/en-us/windows-hardware/drivers/debugger/bug-check-0x35--no-more-irp-stack-locations
0x00000036,DEVICE\_REFERENCE\_COUNT\_NOT\_ZERO,https://learn.microsoft.com/en-us/windows-hardware/drivers/debugger/bug-check-0x36--device-reference-count-not-zero
0x00000037,FLOPPY\_INTERNAL\_ERROR,https://learn.microsoft.com/en-us/windows-hardware/drivers/debugger/bug-check-0x37--floppy-internal-error
0x00000038,SERIAL\_DRIVER\_INTERNAL,https://learn.microsoft.com/en-us/windows-hardware/drivers/debugger/bug-check-0x38--serial-driver-internal
0x00000039,SYSTEM\_EXIT\_OWNED\_MUTEX,https://learn.microsoft.com/en-us/windows-hardware/drivers/debugger/bug-check-0x39--system-exit-owned-mutex
0x0000003A,SYSTEM\_UNWIND\_PREVIOUS\_USER,https://learn.microsoft.com/en-us/windows-hardware/drivers/debugger/bug-check-0x3a--system-unwind-previous-user
0x0000003B,SYSTEM\_SERVICE\_EXCEPTION,https://learn.microsoft.com/en-us/windows-hardware/drivers/debugger/bug-check-0x3b--system-service-exception
0x0000003C,INTERRUPT\_UNWIND\_ATTEMPTED,https://learn.microsoft.com/en-us/windows-hardware/drivers/debugger/bug-check-0x3c--interrupt-unwind-attempted
0x0000003D,INTERRUPT\_EXCEPTION\_NOT\_HANDLED,https://learn.microsoft.com/en-us/windows-hardware/drivers/debugger/bug-check-0x3d--interrupt-exception-not-handled
0x0000003E,MULTIPROCESSOR\_CONFIGURATION\_NOT\_SUPPORTED,https://learn.microsoft.com/en-us/windows-hardware/drivers/debugger/bug-check-0x3e--multiprocessor-configuration-not-supported
0x0000003F,NO\_MORE\_SYSTEM\_PTES,https://learn.microsoft.com/en-us/windows-hardware/drivers/debugger/bug-check-0x3f--no-more-system-ptes
0x00000040,TARGET\_MDL\_TOO\_SMALL,https://learn.microsoft.com/en-us/windows-hardware/drivers/debugger/bug-check-0x40--target-mdl-too-small
0x00000041,MUST\_SUCCEED\_POOL\_EMPTY,https://learn.microsoft.com/en-us/windows-hardware/drivers/debugger/bug-check-0x41--must-succeed-pool-empty
0x00000042,ATDISK\_DRIVER\_INTERNAL,https://learn.microsoft.com/en-us/windows-hardware/drivers/debugger/bug-check-0x42--atdisk-driver-internal
0x00000043,NO\_SUCH\_PARTITION,https://learn.microsoft.com/en-us/windows-hardware/drivers/debugger/bug-check-0x43--no-such-partition
0x00000044,MULTIPLE\_IRP\_COMPLETE\_REQUESTS,https://learn.microsoft.com/en-us/windows-hardware/drivers/debugger/bug-check-0x44--multiple-irp-complete-requests
0x00000045,INSUFFICIENT\_SYSTEM\_MAP\_REGS,https://learn.microsoft.com/en-us/windows-hardware/drivers/debugger/bug-check-0x45--insufficient-system-map-regs
0x00000046,DEREF\_UNKNOWN\_LOGON\_SESSION,https://learn.microsoft.com/en-us/windows-hardware/drivers/debugger/bug-check-0x46--deref-unknown-logon-session
0x00000047,REF\_UNKNOWN\_LOGON\_SESSION,https://learn.microsoft.com/en-us/windows-hardware/drivers/debugger/bug-check-0x47--ref-unknown-logon-session
0x00000048,CANCEL\_STATE\_IN\_COMPLETED\_IRP,https://learn.microsoft.com/en-us/windows-hardware/drivers/debugger/bug-check-0x48--cancel-state-in-completed-irp
0x00000049,PAGE\_FAULT\_WITH\_INTERRUPTS\_OFF,https://learn.microsoft.com/en-us/windows-hardware/drivers/debugger/bug-check-0x49--page-fault-with-interrupts-off
0x0000004A,IRQL\_GT\_ZERO\_AT\_SYSTEM\_SERVICE,https://learn.microsoft.com/en-us/windows-hardware/drivers/debugger/bug-check-0x4a--irql-gt-zero-at-system-service
0x0000004B,STREAMS\_INTERNAL\_ERROR,https://learn.microsoft.com/en-us/windows-hardware/drivers/debugger/bug-check-0x4b--streams-internal-error
0x0000004C,FATAL\_UNHANDLED\_HARD\_ERROR,https://learn.microsoft.com/en-us/windows-hardware/drivers/debugger/bug-check-0x4c--fatal-unhandled-hard-error
0x0000004D,NO\_PAGES\_AVAILABLE,https://learn.microsoft.com/en-us/windows-hardware/drivers/debugger/bug-check-0x4d--no-pages-available
0x0000004E,PFN\_LIST\_CORRUPT,https://learn.microsoft.com/en-us/windows-hardware/drivers/debugger/bug-check-0x4e--pfn-list-corrupt
0x0000004F,NDIS\_INTERNAL\_ERROR,https://learn.microsoft.com/en-us/windows-hardware/drivers/debugger/bug-check-0x4f--ndis-internal-error
0x00000050,PAGE\_FAULT\_IN\_NONPAGED\_AREA,https://learn.microsoft.com/en-us/windows-hardware/drivers/debugger/bug-check-0x50--page-fault-in-nonpaged-area
0x00000051,REGISTRY\_ERROR,https://learn.microsoft.com/en-us/windows-hardware/drivers/debugger/bug-check-0x51--registry-error
0x00000052,MAILSLOT\_FILE\_SYSTEM,https://learn.microsoft.com/en-us/windows-hardware/drivers/debugger/bug-check-0x52--mailslot-file-system
0x00000053,NO\_BOOT\_DEVICE,https://learn.microsoft.com/en-us/windows-hardware/drivers/debugger/bug-check-0x53--no-boot-device
0x00000054,LM\_SERVER\_INTERNAL\_ERROR,https://learn.microsoft.com/en-us/windows-hardware/drivers/debugger/bug-check-0x54--lm-server-internal-error
0x00000055,DATA\_COHERENCY\_EXCEPTION,https://learn.microsoft.com/en-us/windows-hardware/drivers/debugger/bug-check-0x55--data-coherency-exception
0x00000056,INSTRUCTION\_COHERENCY\_EXCEPTION,https://learn.microsoft.com/en-us/windows-hardware/drivers/debugger/bug-check-0x56--instruction-coherency-exception
0x00000057,XNS\_INTERNAL\_ERROR,https://learn.microsoft.com/en-us/windows-hardware/drivers/debugger/bug-check-0x57--xns-internal-error
0x00000058,FTDISK\_INTERNAL\_ERROR,https://learn.microsoft.com/en-us/windows-hardware/drivers/debugger/bug-check-0x58--ftdisk-internal-error
0x00000059,PINBALL\_FILE\_SYSTEM,https://learn.microsoft.com/en-us/windows-hardware/drivers/debugger/bug-check-0x59--pinball-file-system
0x0000005A,CRITICAL\_SERVICE\_FAILED,https://learn.microsoft.com/en-us/windows-hardware/drivers/debugger/bug-check-0x5a--critical-service-failed
0x0000005B,SET\_ENV\_VAR\_FAILED,https://learn.microsoft.com/en-us/windows-hardware/drivers/debugger/bug-check-0x5b--set-env-var-failed
0x0000005C,HAL\_INITIALIZATION\_FAILED,https://learn.microsoft.com/en-us/windows-hardware/drivers/debugger/bug-check-0x5c--hal-initialization-failed
0x0000005D,UNSUPPORTED\_PROCESSOR,https://learn.microsoft.com/en-us/windows-hardware/drivers/debugger/bug-check-0x5d--unsupported-processor
0x0000005E,OBJECT\_INITIALIZATION\_FAILED,https://learn.microsoft.com/en-us/windows-hardware/drivers/debugger/bug-check-0x5e--object-initialization-failed
0x0000005F,SECURITY\_INITIALIZATION\_FAILED,https://learn.microsoft.com/en-us/windows-hardware/drivers/debugger/bug-check-0x5f--security-initialization-failed
0x00000060,PROCESS\_INITIALIZATION\_FAILED,https://learn.microsoft.com/en-us/windows-hardware/drivers/debugger/bug-check-0x60--process-initialization-failed
0x00000061,HAL1\_INITIALIZATION\_FAILED,https://learn.microsoft.com/en-us/windows-hardware/drivers/debugger/bug-check-0x61--hal1-initialization-failed
0x00000062,OBJECT1\_INITIALIZATION\_FAILED,https://learn.microsoft.com/en-us/windows-hardware/drivers/debugger/bug-check-0x62--object1-initialization-failed
0x00000063,SECURITY1\_INITIALIZATION\_FAILED,https://learn.microsoft.com/en-us/windows-hardware/drivers/debugger/bug-check-0x63--security1-initialization-failed
0x00000064,SYMBOLIC\_INITIALIZATION\_FAILED,https://learn.microsoft.com/en-us/windows-hardware/drivers/debugger/bug-check-0x64--symbolic-initialization-failed
0x00000065,MEMORY1\_INITIALIZATION\_FAILED,https://learn.microsoft.com/en-us/windows-hardware/drivers/debugger/bug-check-0x65--memory1-initialization-failed
0x00000066,CACHE\_INITIALIZATION\_FAILED,https://learn.microsoft.com/en-us/windows-hardware/drivers/debugger/bug-check-0x66--cache-initialization-failed
0x00000067,CONFIG\_INITIALIZATION\_FAILED,https://learn.microsoft.com/en-us/windows-hardware/drivers/debugger/bug-check-0x67--config-initialization-failed
0x00000068,FILE\_INITIALIZATION\_FAILED,https://learn.microsoft.com/en-us/windows-hardware/drivers/debugger/bug-check-0x68--file-initialization-failed
0x00000069,IO1\_INITIALIZATION\_FAILED,https://learn.microsoft.com/en-us/windows-hardware/drivers/debugger/bug-check-0x69--io1-initialization-failed
0x0000006A,LPC\_INITIALIZATION\_FAILED,https://learn.microsoft.com/en-us/windows-hardware/drivers/debugger/bug-check-0x6a--lpc-initialization-failed
0x0000006B,PROCESS1\_INITIALIZATION\_FAILED,https://learn.microsoft.com/en-us/windows-hardware/drivers/debugger/bug-check-0x6b--process1-initialization-failed
0x0000006C,REFMON\_INITIALIZATION\_FAILED,https://learn.microsoft.com/en-us/windows-hardware/drivers/debugger/bug-check-0x6c--refmon-initialization-failed
0x0000006D,SESSION1\_INITIALIZATION\_FAILED,https://learn.microsoft.com/en-us/windows-hardware/drivers/debugger/bug-check-0x6d--session1-initialization-failed
0x0000006E,SESSION2\_INITIALIZATION\_FAILED,https://learn.microsoft.com/en-us/windows-hardware/drivers/debugger/bug-check-0x6e--session2-initialization-failed
0x0000006F,SESSION3\_INITIALIZATION\_FAILED,https://learn.microsoft.com/en-us/windows-hardware/drivers/debugger/bug-check-0x6f--session3-initialization-failed
0x00000070,SESSION4\_INITIALIZATION\_FAILED,https://learn.microsoft.com/en-us/windows-hardware/drivers/debugger/bug-check-0x70--session4-initialization-failed
0x00000071,SESSION5\_INITIALIZATION\_FAILED,https://learn.microsoft.com/en-us/windows-hardware/drivers/debugger/bug-check-0x71--session5-initialization-failed
0x00000072,ASSIGN\_DRIVE\_LETTERS\_FAILED,https://learn.microsoft.com/en-us/windows-hardware/drivers/debugger/bug-check-0x72--assign-drive-letters-failed
0x00000073,CONFIG\_LIST\_FAILED,https://learn.microsoft.com/en-us/windows-hardware/drivers/debugger/bug-check-0x73--config-list-failed
0x00000074,BAD\_SYSTEM\_CONFIG\_INFO,https://learn.microsoft.com/en-us/windows-hardware/drivers/debugger/bug-check-0x74--bad-system-config-info
0x00000075,CANNOT\_WRITE\_CONFIGURATION,https://learn.microsoft.com/en-us/windows-hardware/drivers/debugger/bug-check-0x75--cannot-write-configuration
0x00000076,PROCESS\_HAS\_LOCKED\_PAGES,https://learn.microsoft.com/en-us/windows-hardware/drivers/debugger/bug-check-0x76--process-has-locked-pages
0x00000077,KERNEL\_STACK\_INPAGE\_ERROR,https://learn.microsoft.com/en-us/windows-hardware/drivers/debugger/bug-check-0x77--kernel-stack-inpage-error
0x00000078,PHASE0\_EXCEPTION,https://learn.microsoft.com/en-us/windows-hardware/drivers/debugger/bug-check-0x78--phase0-exception
0x00000079,MISMATCHED\_HAL,https://learn.microsoft.com/en-us/windows-hardware/drivers/debugger/bug-check-0x79--mismatched-hal
0x0000007A,KERNEL\_DATA\_INPAGE\_ERROR,https://learn.microsoft.com/en-us/windows-hardware/drivers/debugger/bug-check-0x7a--kernel-data-inpage-error
0x0000007B,INACCESSIBLE\_BOOT\_DEVICE,https://learn.microsoft.com/en-us/windows-hardware/drivers/debugger/bug-check-0x7b--inaccessible-boot-device
0x0000007C,BUGCODE\_NDIS\_DRIVER,https://learn.microsoft.com/en-us/windows-hardware/drivers/debugger/bug-check-0x7c--bugcode-ndis-driver
0x0000007D,INSTALL\_MORE\_MEMORY,https://learn.microsoft.com/en-us/windows-hardware/drivers/debugger/bug-check-0x7d--install-more-memory
0x0000007E,SYSTEM\_THREAD\_EXCEPTION\_NOT\_HANDLED,https://learn.microsoft.com/en-us/windows-hardware/drivers/debugger/bug-check-0x7e--system-thread-exception-not-handled
0x0000007F,UNEXPECTED\_KERNEL\_MODE\_TRAP,https://learn.microsoft.com/en-us/windows-hardware/drivers/debugger/bug-check-0x7f--unexpected-kernel-mode-trap
0x00000080,NMI\_HARDWARE\_FAILURE,https://learn.microsoft.com/en-us/windows-hardware/drivers/debugger/bug-check-0x80--nmi-hardware-failure
0x00000081,SPIN\_LOCK\_INIT\_FAILURE,https://learn.microsoft.com/en-us/windows-hardware/drivers/debugger/bug-check-0x81--spin-lock-init-failure
0x00000082,DFS\_FILE\_SYSTEM,https://learn.microsoft.com/en-us/windows-hardware/drivers/debugger/bug-check-0x82--dfs-file-system
0x00000085,SETUP\_FAILURE,https://learn.microsoft.com/en-us/windows-hardware/drivers/debugger/bug-check-0x85--setup-failure
0x0000008B,MBR\_CHECKSUM\_MISMATCH,https://learn.microsoft.com/en-us/windows-hardware/drivers/debugger/bug-check-0x8b--mbr-checksum-mismatch
0x0000008E,KERNEL\_MODE\_EXCEPTION\_NOT\_HANDLED,https://learn.microsoft.com/en-us/windows-hardware/drivers/debugger/bug-check-0x8e--kernel-mode-exception-not-handled
0x0000008F,PP0\_INITIALIZATION\_FAILED,https://learn.microsoft.com/en-us/windows-hardware/drivers/debugger/bug-check-0x8f--pp0-initialization-failed
0x00000090,PP1\_INITIALIZATION\_FAILED,https://learn.microsoft.com/en-us/windows-hardware/drivers/debugger/bug-check-0x90--pp1-initialization-failed
0x00000092,UP\_DRIVER\_ON\_MP\_SYSTEM,https://learn.microsoft.com/en-us/windows-hardware/drivers/debugger/bug-check-0x92--up-driver-on-mp-system
0x00000093,INVALID\_KERNEL\_HANDLE,https://learn.microsoft.com/en-us/windows-hardware/drivers/debugger/bug-check-0x93--invalid-kernel-handle
0x00000094,KERNEL\_STACK\_LOCKED\_AT\_EXIT,https://learn.microsoft.com/en-us/windows-hardware/drivers/debugger/bug-check-0x94--kernel-stack-locked-at-exit
0x00000096,INVALID\_WORK\_QUEUE\_ITEM,https://learn.microsoft.com/en-us/windows-hardware/drivers/debugger/bug-check-0x96--invalid-work-queue-item
0x00000097,BOUND\_IMAGE\_UNSUPPORTED,https://learn.microsoft.com/en-us/windows-hardware/drivers/debugger/bug-check-0x97--bound-image-unsupported
0x00000098,END\_OF\_NT\_EVALUATION\_PERIOD,https://learn.microsoft.com/en-us/windows-hardware/drivers/debugger/bug-check-0x98--end-of-nt-evaluation-period
0x00000099,INVALID\_REGION\_OR\_SEGMENT,https://learn.microsoft.com/en-us/windows-hardware/drivers/debugger/bug-check-0x99--invalid-region-or-segment
0x0000009A,SYSTEM\_LICENSE\_VIOLATION,https://learn.microsoft.com/en-us/windows-hardware/drivers/debugger/bug-check-0x9a--system-license-violation
0x0000009B,UDFS\_FILE\_SYSTEM,https://learn.microsoft.com/en-us/windows-hardware/drivers/debugger/bug-check-0x9b--udfs-file-system
0x0000009C,MACHINE\_CHECK\_EXCEPTION,https://learn.microsoft.com/en-us/windows-hardware/drivers/debugger/bug-check-0x9c--machine-check-exception
0x0000009E,USER\_MODE\_HEALTH\_MONITOR,https://learn.microsoft.com/en-us/windows-hardware/drivers/debugger/bug-check-0x9e--user-mode-health-monitor
0x0000009F,DRIVER\_POWER\_STATE\_FAILURE,https://learn.microsoft.com/en-us/windows-hardware/drivers/debugger/bug-check-0x9f--driver-power-state-failure
0x000000A0,INTERNAL\_POWER\_ERROR,https://learn.microsoft.com/en-us/windows-hardware/drivers/debugger/bug-check-0xa0--internal-power-error
0x000000A1,PCI\_BUS\_DRIVER\_INTERNAL,https://learn.microsoft.com/en-us/windows-hardware/drivers/debugger/bug-check-0xa1--pci-bus-driver-internal
0x000000A2,MEMORY\_IMAGE\_CORRUPT,https://learn.microsoft.com/en-us/windows-hardware/drivers/debugger/bug-check-0xa2--memory-image-corrupt
0x000000A3,ACPI\_DRIVER\_INTERNAL,https://learn.microsoft.com/en-us/windows-hardware/drivers/debugger/bug-check-0xa3--acpi-driver-internal
0x000000A4,CNSS\_FILE\_SYSTEM\_FILTER,https://learn.microsoft.com/en-us/windows-hardware/drivers/debugger/bug-check-0xa4--cnss-file-system-filter
0x000000A5,ACPI\_BIOS\_ERROR,https://learn.microsoft.com/en-us/windows-hardware/drivers/debugger/bug-check-0xa5--acpi-bios-error
0x000000A7,BAD\_EXHANDLE,https://learn.microsoft.com/en-us/windows-hardware/drivers/debugger/bug-check-0xa7--bad-exhandle
0x000000AC,HAL\_MEMORY\_ALLOCATION,https://learn.microsoft.com/en-us/windows-hardware/drivers/debugger/bug-check-0xac--hal-memory-allocation
0x000000AD,VIDEO\_DRIVER\_DEBUG\_REPORT\_REQUEST,https://learn.microsoft.com/en-us/windows-hardware/drivers/debugger/bug-check-0xad--video-driver-debug-report-request
0x000000B1,BGI\_DETECTED\_VIOLATION,https://learn.microsoft.com/en-us/windows-hardware/drivers/debugger/bug-check-0xb1--bgi-detected-violation
0x000000B4,VIDEO\_DRIVER\_INIT\_FAILURE,https://learn.microsoft.com/en-us/windows-hardware/drivers/debugger/bug-check-0xb4--video-driver-init-failure
0x000000B8,ATTEMPTED\_SWITCH\_FROM\_DPC,https://learn.microsoft.com/en-us/windows-hardware/drivers/debugger/bug-check-0xb8--attempted-switch-from-dpc
0x000000B9,CHIPSET\_DETECTED\_ERROR,https://learn.microsoft.com/en-us/windows-hardware/drivers/debugger/bug-check-0xb9--chipset-detected-error
0x000000BA,SESSION\_HAS\_VALID\_VIEWS\_ON\_EXIT,https://learn.microsoft.com/en-us/windows-hardware/drivers/debugger/bug-check-0xba--session-has-valid-views-on-exit
0x000000BB,NETWORK\_BOOT\_INITIALIZATION\_FAILED,https://learn.microsoft.com/en-us/windows-hardware/drivers/debugger/bug-check-0xbb--network-boot-initialization-failed
0x000000BC,NETWORK\_BOOT\_DUPLICATE\_ADDRESS,https://learn.microsoft.com/en-us/windows-hardware/drivers/debugger/bug-check-0xbc--network-boot-duplicate-address
0x000000BD,INVALID\_HIBERNATED\_STATE,https://learn.microsoft.com/en-us/windows-hardware/drivers/debugger/bug-check-0xbd--invalid-hibernated-state
0x000000BE,ATTEMPTED\_WRITE\_TO\_READONLY\_MEMORY,https://learn.microsoft.com/en-us/windows-hardware/drivers/debugger/bug-check-0xbe--attempted-write-to-readonly-memory
0x000000BF,MUTEX\_ALREADY\_OWNED,https://learn.microsoft.com/en-us/windows-hardware/drivers/debugger/bug-check-0xbf--mutex-already-owned
0x000000C1,SPECIAL\_POOL\_DETECTED\_MEMORY\_CORRUPTION,https://learn.microsoft.com/en-us/windows-hardware/drivers/debugger/bug-check-0xc1--special-pool-detected-memory-corruption
0x000000C2,BAD\_POOL\_CALLER,https://learn.microsoft.com/en-us/windows-hardware/drivers/debugger/bug-check-0xc2--bad-pool-caller
0x000000C4,DRIVER\_VERIFIER\_DETECTED\_VIOLATION,https://learn.microsoft.com/en-us/windows-hardware/drivers/debugger/bug-check-0xc4--driver-verifier-detected-violation
0x000000C5,DRIVER\_CORRUPTED\_EXPOOL,https://learn.microsoft.com/en-us/windows-hardware/drivers/debugger/bug-check-0xc5--driver-corrupted-expool
0x000000C6,DRIVER\_CAUGHT\_MODIFYING\_FREED\_POOL,https://learn.microsoft.com/en-us/windows-hardware/drivers/debugger/bug-check-0xc6--driver-caught-modifying-freed-pool
0x000000C7,TIMER\_OR\_DPC\_INVALID,https://learn.microsoft.com/en-us/windows-hardware/drivers/debugger/bug-check-0xc7--timer-or-dpc-invalid
0x000000C8,IRQL\_UNEXPECTED\_VALUE,https://learn.microsoft.com/en-us/windows-hardware/drivers/debugger/bug-check-0xc8--irql-unexpected-value
0x000000C9,DRIVER\_VERIFIER\_IOMANAGER\_VIOLATION,https://learn.microsoft.com/en-us/windows-hardware/drivers/debugger/bug-check-0xc9--driver-verifier-iomanager-violation
0x000000CA,PNP\_DETECTED\_FATAL\_ERROR,https://learn.microsoft.com/en-us/windows-hardware/drivers/debugger/bug-check-0xca--pnp-detected-fatal-error
0x000000CB,DRIVER\_LEFT\_LOCKED\_PAGES\_IN\_PROCESS,https://learn.microsoft.com/en-us/windows-hardware/drivers/debugger/bug-check-0xcb--driver-left-locked-pages-in-process
0x000000CC,PAGE\_FAULT\_IN\_FREED\_SPECIAL\_POOL,https://learn.microsoft.com/en-us/windows-hardware/drivers/debugger/bug-check-0xcc--page-fault-in-freed-special-pool
0x000000CD,PAGE\_FAULT\_BEYOND\_END\_OF\_ALLOCATION,https://learn.microsoft.com/en-us/windows-hardware/drivers/debugger/bug-check-0xcd--page-fault-beyond-end-of-allocation
0x000000CE,DRIVER\_UNLOADED\_WITHOUT\_CANCELLING\_PENDING\_OPERATIONS,https://learn.microsoft.com/en-us/windows-hardware/drivers/debugger/bug-check-0xce--driver-unloaded-without-cancelling-pending-operations
0x000000CF,TERMINAL\_SERVER\_DRIVER\_MADE\_INCORRECT\_MEMORY\_REFERENCE,https://learn.microsoft.com/en-us/windows-hardware/drivers/debugger/bug-check-0xcf--terminal-server-driver-made-incorrect-memory-reference
0x000000D0,DRIVER\_CORRUPTED\_MMPOOL,https://learn.microsoft.com/en-us/windows-hardware/drivers/debugger/bug-check-0xd0--driver-corrupted-mmpool
0x000000D1,DRIVER\_IRQL\_NOT\_LESS\_OR\_EQUAL,https://learn.microsoft.com/en-us/windows-hardware/drivers/debugger/bug-check-0xd1--driver-irql-not-less-or-equal
0x000000D2,BUGCODE\_ID\_DRIVER,https://learn.microsoft.com/en-us/windows-hardware/drivers/debugger/bug-check-0xd2--bugcode-id-driver
0x000000D3,DRIVER\_PORTION\_MUST\_BE\_NONPAGED,https://learn.microsoft.com/en-us/windows-hardware/drivers/debugger/bug-check-0xd3--driver-portion-must-be-nonpaged
0x000000D4,SYSTEM\_SCAN\_AT\_RAISED\_IRQL\_CAUGHT\_IMPROPER\_DRIVER\_UNLOAD,https://learn.microsoft.com/en-us/windows-hardware/drivers/debugger/bug-check-0xd4--system-scan-at-raised-irql-caught-improper-driver-unlo
0x000000D5,DRIVER\_PAGE\_FAULT\_IN\_FREED\_SPECIAL\_POOL,https://learn.microsoft.com/en-us/windows-hardware/drivers/debugger/bug-check-0xd5--driver-page-fault-in-freed-special-pool
0x000000D6,DRIVER\_PAGE\_FAULT\_BEYOND\_END\_OF\_ALLOCATION,https://learn.microsoft.com/en-us/windows-hardware/drivers/debugger/bug-check-0xd6--driver-page-fault-beyond-end-of-allocation
0x000000D7,DRIVER\_UNMAPPING\_INVALID\_VIEW,https://learn.microsoft.com/en-us/windows-hardware/drivers/debugger/bug-check-0xd7--driver-unmapping-invalid-view
0x000000D8,DRIVER\_USED\_EXCESSIVE\_PTES,https://learn.microsoft.com/en-us/windows-hardware/drivers/debugger/bug-check-0xd8--driver-used-excessive-ptes
0x000000D9,LOCKED\_PAGES\_TRACKER\_CORRUPTION,https://learn.microsoft.com/en-us/windows-hardware/drivers/debugger/bug-check-0xd9--locked-pages-tracker-corruption
0x000000DA,SYSTEM\_PTE\_MISUSE,https://learn.microsoft.com/en-us/windows-hardware/drivers/debugger/bug-check-0xda--system-pte-misuse
0x000000DB,DRIVER\_CORRUPTED\_SYSPTES,https://learn.microsoft.com/en-us/windows-hardware/drivers/debugger/bug-check-0xdb--driver-corrupted-sysptes
0x000000DC,DRIVER\_INVALID\_STACK\_ACCESS,https://learn.microsoft.com/en-us/windows-hardware/drivers/debugger/bug-check-0xdc--driver-invalid-stack-access
0x000000DE,POOL\_CORRUPTION\_IN\_FILE\_AREA,https://learn.microsoft.com/en-us/windows-hardware/drivers/debugger/bug-check-0xde--pool-corruption-in-file-area
0x000000E0,ACPI\_BIOS\_FATAL\_ERROR,https://learn.microsoft.com/en-us/windows-hardware/drivers/debugger/bug-check-0xe0--acpi-bios-fatal-error
0x000000E1,WORKER\_THREAD\_RETURNED\_AT\_BAD\_IRQL,https://learn.microsoft.com/en-us/windows-hardware/drivers/debugger/bug-check-0xe1--worker-thread-returned-at-bad-irql
0x000000E2,MANUALLY\_INITIATED\_CRASH,https://learn.microsoft.com/en-us/windows-hardware/drivers/debugger/bug-check-0xe2--manually-initiated-crash
0x000000E3,RESOURCE\_NOT\_OWNED,https://learn.microsoft.com/en-us/windows-hardware/drivers/debugger/bug-check-0xe3--resource-not-owned
0x000000E4,WORKER\_INVALID,https://learn.microsoft.com/en-us/windows-hardware/drivers/debugger/bug-check-0xe4--worker-invalid
0x000000E6,DRIVER\_VERIFIER\_DMA\_VIOLATION,https://learn.microsoft.com/en-us/windows-hardware/drivers/debugger/bug-check-0xe6--driver-verifier-dma-violation
0x000000E7,INVALID\_FLOATING\_POINT\_STATE,https://learn.microsoft.com/en-us/windows-hardware/drivers/debugger/bug-check-0xe7--invalid-floating-point-state
0x000000E8,INVALID\_CANCEL\_OF\_FILE\_OPEN,https://learn.microsoft.com/en-us/windows-hardware/drivers/debugger/bug-check-0xe8--invalid-cancel-of-file-open
0x000000E9,ACTIVE\_EX\_WORKER\_THREAD\_TERMINATION,https://learn.microsoft.com/en-us/windows-hardware/drivers/debugger/bug-check-0xe9--active-ex-worker-thread-termination
0x000000EA,THREAD\_STUCK\_IN\_DEVICE\_DRIVER,https://learn.microsoft.com/en-us/windows-hardware/drivers/debugger/bug-check-0xea--thread-stuck-in-device-driver
0x000000EB,DIRTY\_MAPPED\_PAGES\_CONGESTION,https://learn.microsoft.com/en-us/windows-hardware/drivers/debugger/bug-check-0xeb--dirty-mapped-pages-congestion
0x000000EC,SESSION\_HAS\_VALID\_SPECIAL\_POOL\_ON\_EXIT,https://learn.microsoft.com/en-us/windows-hardware/drivers/debugger/bug-check-0xec--session-has-valid-special-pool-on-exit
0x000000ED,UNMOUNTABLE\_BOOT\_VOLUME,https://learn.microsoft.com/en-us/windows-hardware/drivers/debugger/bug-check-0xed--unmountable-boot-volume
0x000000EF,CRITICAL\_PROCESS\_DIED,https://learn.microsoft.com/en-us/windows-hardware/drivers/debugger/bug-check-0xef--critical-process-died
0x000000F0,STORAGE\_MINIPORT\_ERROR,https://learn.microsoft.com/en-us/windows-hardware/drivers/debugger/bug-check-0xf0--storage-miniport-error
0x000000F1,SCSI\_VERIFIER\_DETECTED\_VIOLATION,https://learn.microsoft.com/en-us/windows-hardware/drivers/debugger/bug-check-0xf1--scsi-verifier-detected-violation
0x000000F2,HARDWARE\_INTERRUPT\_STORM,https://learn.microsoft.com/en-us/windows-hardware/drivers/debugger/bug-check-0xf2--hardware-interrupt-storm
0x000000F3,DISORDERLY\_SHUTDOWN,https://learn.microsoft.com/en-us/windows-hardware/drivers/debugger/bug-check-0xf3--disorderly-shutdown
0x000000F4,CRITICAL\_OBJECT\_TERMINATION,https://learn.microsoft.com/en-us/windows-hardware/drivers/debugger/bug-check-0xf4--critical-object-termination
0x000000F5,FLTMGR\_FILE\_SYSTEM,https://learn.microsoft.com/en-us/windows-hardware/drivers/debugger/bug-check-0xf5--fltmgr-file-system
0x000000F6,PCI\_VERIFIER\_DETECTED\_VIOLATION,https://learn.microsoft.com/en-us/windows-hardware/drivers/debugger/bug-check-0xf6--pci-verifier-detected-violation
0x000000F7,DRIVER\_OVERRAN\_STACK\_BUFFER,https://learn.microsoft.com/en-us/windows-hardware/drivers/debugger/bug-check-0xf7--driver-overran-stack-buffer
0x000000F8,RAMDISK\_BOOT\_INITIALIZATION\_FAILED,https://learn.microsoft.com/en-us/windows-hardware/drivers/debugger/bug-check-0xf8--ramdisk-boot-initialization-failed
0x000000F9,DRIVER\_RETURNED\_STATUS\_REPARSE\_FOR\_VOLUME\_OPEN,https://learn.microsoft.com/en-us/windows-hardware/drivers/debugger/bug-check-0xf9--driver-returned-status-reparse-for-volume-open
0x000000FA,HTTP\_DRIVER\_CORRUPTED,https://learn.microsoft.com/en-us/windows-hardware/drivers/debugger/bug-check-0xfa---http-driver-corrupted
0x000000FC,ATTEMPTED\_EXECUTE\_OF\_NOEXECUTE\_MEMORY,https://learn.microsoft.com/en-us/windows-hardware/drivers/debugger/bug-check-0xfc---attempted-execute-of-noexecute-memory
0x000000FD,DIRTY\_NOWRITE\_PAGES\_CONGESTION,https://learn.microsoft.com/en-us/windows-hardware/drivers/debugger/bug-check-0xfd---dirty-nowrite-pages-congestion
0x000000FE,BUGCODE\_USB\_DRIVER,https://learn.microsoft.com/en-us/windows-hardware/drivers/debugger/bug-check-0xfe--bugcode-usb-driver
0x000000FF,RESERVE\_QUEUE\_OVERFLOW,https://learn.microsoft.com/en-us/windows-hardware/drivers/debugger/bug-check-0xff---reserve-queue-overflow
0x00000100,LOADER\_BLOCK\_MISMATCH,https://learn.microsoft.com/en-us/windows-hardware/drivers/debugger/bug-check-0x100---loader-block-mismatch
0x00000101,CLOCK\_WATCHDOG\_TIMEOUT,https://learn.microsoft.com/en-us/windows-hardware/drivers/debugger/bug-check-0x101---clock-watchdog-timeout
0x00000102,DPC\_WATCHDOG\_TIMEOUT,https://learn.microsoft.com/en-us/windows-hardware/drivers/debugger/bug-check-0x102--dpc-watchdog-timeout
0x00000103,MUP\_FILE\_SYSTEM,https://learn.microsoft.com/en-us/windows-hardware/drivers/debugger/bug-check-0x103---mup-file-system
0x00000104,AGP\_INVALID\_ACCESS,https://learn.microsoft.com/en-us/windows-hardware/drivers/debugger/bug-check-0x104---agp-invalid-access
0x00000105,AGP\_GART\_CORRUPTION,https://learn.microsoft.com/en-us/windows-hardware/drivers/debugger/bug-check-0x105---agp-gart-corruption
0x00000106,AGP\_ILLEGALLY\_REPROGRAMMED,https://learn.microsoft.com/en-us/windows-hardware/drivers/debugger/bug-check-0x106---agp-illegally-reprogrammed
0x00000108,THIRD\_PARTY\_FILE\_SYSTEM\_FAILURE,https://learn.microsoft.com/en-us/windows-hardware/drivers/debugger/bug-check-0x108--third-party-file-system-failure
0x00000109,CRITICAL\_STRUCTURE\_CORRUPTION,https://learn.microsoft.com/en-us/windows-hardware/drivers/debugger/bug-check-0x109---critical-structure-corruption
0x0000010A,APP\_TAGGING\_INITIALIZATION\_FAILED,https://learn.microsoft.com/en-us/windows-hardware/drivers/debugger/bug-check-0x10a---app-tagging-initialization-failed
0x0000010C,FSRTL\_EXTRA\_CREATE\_PARAMETER\_VIOLATION,https://learn.microsoft.com/en-us/windows-hardware/drivers/debugger/bug-check-0x10c---fsrtl-extra-create-parameter-violation
0x0000010D,WDF\_VIOLATION,https://learn.microsoft.com/en-us/windows-hardware/drivers/debugger/bug-check-0x10d---wdf-violation
0x0000010E,VIDEO\_MEMORY\_MANAGEMENT\_INTERNAL,https://learn.microsoft.com/en-us/windows-hardware/drivers/debugger/bug-check-0x10e---video-memory-management-internal
0x0000010F,RESOURCE\_MANAGER\_EXCEPTION\_NOT\_HANDLED,https://learn.microsoft.com/en-us/windows-hardware/drivers/debugger/bug-check-0x10f---resource-manager-exception-not-handled
0x00000111,RECURSIVE\_NMI,https://learn.microsoft.com/en-us/windows-hardware/drivers/debugger/bug-check-0x111---recursive-nmi
0x00000112,MSRPC\_STATE\_VIOLATION,https://learn.microsoft.com/en-us/windows-hardware/drivers/debugger/bug-check-0x112---msrpc-state-violation
0x00000113,VIDEO\_DXGKRNL\_FATAL\_ERROR,https://learn.microsoft.com/en-us/windows-hardware/drivers/debugger/bug-check-0x113---video-dxgkrnl-fatal-error
0x00000114,VIDEO\_SHADOW\_DRIVER\_FATAL\_ERROR,https://learn.microsoft.com/en-us/windows-hardware/drivers/debugger/bug-check-0x114---video-shadow-driver-fatal-error
0x00000115,AGP\_INTERNAL,https://learn.microsoft.com/en-us/windows-hardware/drivers/debugger/bug-check-0x115---agp-internal
0x00000116,VIDEO\_TDR\_FAILURE,https://learn.microsoft.com/en-us/windows-hardware/drivers/debugger/bug-check-0x116---video-tdr-failure
0x00000117,VIDEO\_TDR\_TIMEOUT\_DETECTED,https://learn.microsoft.com/en-us/windows-hardware/drivers/debugger/bug-check-0x117---video-tdr-timeout-detected
0x00000119,VIDEO\_SCHEDULER\_INTERNAL\_ERROR,https://learn.microsoft.com/en-us/windows-hardware/drivers/debugger/bug-check-0x119---video-scheduler-internal-error
0x0000011A,EM\_INITIALIZATION\_FAILURE,https://learn.microsoft.com/en-us/windows-hardware/drivers/debugger/bug-check-0x11a---em-initialization-failure
0x0000011B,DRIVER\_RETURNED\_HOLDING\_CANCEL\_LOCK,https://learn.microsoft.com/en-us/windows-hardware/drivers/debugger/bug-check-0x11b---driver-returned-holding-cancel-lock
0x0000011C,ATTEMPTED\_WRITE\_TO\_CM\_PROTECTED\_STORAGE,https://learn.microsoft.com/en-us/windows-hardware/drivers/debugger/bug-check-0x11c--attempted-write-to-cm-protected-storage
0x0000011D,EVENT\_TRACING\_FATAL\_ERROR,https://learn.microsoft.com/en-us/windows-hardware/drivers/debugger/bug-check-0x11d---event-tracing-fatal-error
0x0000011E,TOO\_MANY\_RECURSIVE\_FAULTS,https://learn.microsoft.com/en-us/windows-hardware/drivers/debugger/bug-check-0x11e--too-many-recursive-faults
0x0000011F,INVALID\_DRIVER\_HANDLE,https://learn.microsoft.com/en-us/windows-hardware/drivers/debugger/bug-check-0x11f--invalid-driver-handle
0x00000120,BITLOCKER\_FATAL\_ERROR,https://learn.microsoft.com/en-us/windows-hardware/drivers/debugger/bug-check-0x120--bitlocker-fatal-error-
0x00000121,DRIVER\_VIOLATION,https://learn.microsoft.com/en-us/windows-hardware/drivers/debugger/bug-check-0x121---driver-violation
0x00000122,WHEA\_INTERNAL\_ERROR,https://learn.microsoft.com/en-us/windows-hardware/drivers/debugger/bug-check-0x122---whea-internal-error
0x00000123,CRYPTO\_SELF\_TEST\_FAILURE,https://learn.microsoft.com/en-us/windows-hardware/drivers/debugger/bug-check-0x123--crypto-self-test-failure-
0x00000124,WHEA\_UNCORRECTABLE\_ERROR,https://learn.microsoft.com/en-us/windows-hardware/drivers/debugger/bug-check-0x124---whea-uncorrectable-error
0x00000125,NMR\_INVALID\_STATE,https://learn.microsoft.com/en-us/windows-hardware/drivers/debugger/bug-check-0x125--nmr-invalid-state
0x00000126,NETIO\_INVALID\_POOL\_CALLER,https://learn.microsoft.com/en-us/windows-hardware/drivers/debugger/bug-check-0x126--netio-invalid-pool-caller
0x00000127,PAGE\_NOT\_ZERO,https://learn.microsoft.com/en-us/windows-hardware/drivers/debugger/bug-check-0x127---page-not-zero
0x00000128,WORKER\_THREAD\_RETURNED\_WITH\_BAD\_IO\_PRIORITY,https://learn.microsoft.com/en-us/windows-hardware/drivers/debugger/bug-check-0x128--worker-thread-returned-with-bad-io-priority
0x00000129,WORKER\_THREAD\_RETURNED\_WITH\_BAD\_PAGING\_IO\_PRIORITY,https://learn.microsoft.com/en-us/windows-hardware/drivers/debugger/bug-check-0x129--worker-thread-returned-with-bad-paging-io-priority
0x0000012A,MUI\_NO\_VALID\_SYSTEM\_LANGUAGE,https://learn.microsoft.com/en-us/windows-hardware/drivers/debugger/bug-check-0x12a--mui-no-valid-system-language
0x0000012B,FAULTY\_HARDWARE\_CORRUPTED\_PAGE,https://learn.microsoft.com/en-us/windows-hardware/drivers/debugger/bug-check-0x12b---faulty-hardware-corrupted-page
0x0000012C,EXFAT\_FILE\_SYSTEM,https://learn.microsoft.com/en-us/windows-hardware/drivers/debugger/bug-check-0x12c---exfat-file-system
0x0000012D,VOLSNAP\_OVERLAPPED\_TABLE\_ACCESS,https://learn.microsoft.com/en-us/windows-hardware/drivers/debugger/bug-check-0x12d--volsnap-overlapped-table-access
0x0000012E,INVALID\_MDL\_RANGE,https://learn.microsoft.com/en-us/windows-hardware/drivers/debugger/bug-check-0x12e--invalid-mdl-range
0x0000012F,VHD\_BOOT\_INITIALIZATION\_FAILED,https://learn.microsoft.com/en-us/windows-hardware/drivers/debugger/bug-check-0x12f--vhd-boot-initialization-failed
0x00000130,DYNAMIC\_ADD\_PROCESSOR\_MISMATCH,https://learn.microsoft.com/en-us/windows-hardware/drivers/debugger/bug-check-0x130--dynamic-add-processor-mismatch
0x00000131,INVALID\_EXTENDED\_PROCESSOR\_STATE,https://learn.microsoft.com/en-us/windows-hardware/drivers/debugger/bug-check-0x131--invalid-extended-processor-state
0x00000132,RESOURCE\_OWNER\_POINTER\_INVALID,https://learn.microsoft.com/en-us/windows-hardware/drivers/debugger/bug-check-0x132--resource-owner-pointer-invalid
0x00000133,DPC\_WATCHDOG\_VIOLATION,https://learn.microsoft.com/en-us/windows-hardware/drivers/debugger/bug-check-0x133-dpc-watchdog-violation
0x00000134,DRIVE\_EXTENDER,https://learn.microsoft.com/en-us/windows-hardware/drivers/debugger/bug-check-0x134--drive-extender
0x00000135,REGISTRY\_FILTER\_DRIVER\_EXCEPTION,https://learn.microsoft.com/en-us/windows-hardware/drivers/debugger/bug-check-0x135--registry-filter-driver-exception
0x00000136,VHD\_BOOT\_HOST\_VOLUME\_NOT\_ENOUGH\_SPACE,https://learn.microsoft.com/en-us/windows-hardware/drivers/debugger/bug-check-0x136--vhd-boot-host-volume-not-enough-space
0x00000137,WIN32K\_HANDLE\_MANAGER,https://learn.microsoft.com/en-us/windows-hardware/drivers/debugger/bug-check-0x137--win32k-handle-manager
0x00000138,GPIO\_CONTROLLER\_DRIVER\_ERROR,https://learn.microsoft.com/en-us/windows-hardware/drivers/debugger/bug-check-0x138-gpio-controller-driver-error
0x00000139,KERNEL\_SECURITY\_CHECK\_FAILURE,https://learn.microsoft.com/en-us/windows-hardware/drivers/debugger/bug-check-0x139--kernel-security-check-failure
0x0000013A,KERNEL\_MODE\_HEAP\_CORRUPTION,https://learn.microsoft.com/en-us/windows-hardware/drivers/debugger/bug-check-0x13a--kernel-mode-heap-corruption
0x0000013B,PASSIVE\_INTERRUPT\_ERROR,https://learn.microsoft.com/en-us/windows-hardware/drivers/debugger/bug-check-0x13b--passive-interrupt-error
0x0000013C,INVALID\_IO\_BOOST\_STATE,https://learn.microsoft.com/en-us/windows-hardware/drivers/debugger/bug-check-0x13c--invalid-io-boost-state
0x0000013D,CRITICAL\_INITIALIZATION\_FAILURE,https://learn.microsoft.com/en-us/windows-hardware/drivers/debugger/bug-check-0x13d--critical-initialization-failure
0x00000140,STORAGE\_DEVICE\_ABNORMALITY\_DETECTED,https://learn.microsoft.com/en-us/windows-hardware/drivers/debugger/bug-check-0x140--storage-device-abnormality-detected
0x00000143,PROCESSOR\_DRIVER\_INTERNAL,https://learn.microsoft.com/en-us/windows-hardware/drivers/debugger/bug-check-0x143--processor-driver-internal
0x00000144,BUGCODE\_USB3\_DRIVER,https://learn.microsoft.com/en-us/windows-hardware/drivers/debugger/bug-check-0x144--bugcode-usb3-driver
0x00000145,SECURE\_BOOT\_VIOLATION,https://learn.microsoft.com/en-us/windows-hardware/drivers/debugger/bug-check-0x145--secure-boot-violation-
0x00000147,ABNORMAL\_RESET\_DETECTED,https://learn.microsoft.com/en-us/windows-hardware/drivers/debugger/bug-check-0x147--abnormal-reset-detected
0x00000149,REFS\_FILE\_SYSTEM,https://learn.microsoft.com/en-us/windows-hardware/drivers/debugger/bug-check-0x149--refs-file-system
0x0000014A,KERNEL\_WMI\_INTERNAL,https://learn.microsoft.com/en-us/windows-hardware/drivers/debugger/bug-check-0x14a--kernel-wmi-internal
0x0000014B,SOC\_SUBSYSTEM\_FAILURE,https://learn.microsoft.com/en-us/windows-hardware/drivers/debugger/bug-check-0x14b--soc-subsystem-failure
0x0000014C,FATAL\_ABNORMAL\_RESET\_ERROR,https://learn.microsoft.com/en-us/windows-hardware/drivers/debugger/bug-check-0x14c--fatal-abnormal-reset-error
0x0000014D,EXCEPTION\_SCOPE\_INVALID,https://learn.microsoft.com/en-us/windows-hardware/drivers/debugger/bug-check-0x14d--exception-scope-invalid
0x0000014E,SOC\_CRITICAL\_DEVICE\_REMOVED,https://learn.microsoft.com/en-us/windows-hardware/drivers/debugger/bug-check-0x14e--soc-critical-device-removed
0x0000014F,PDC\_WATCHDOG\_TIMEOUT,https://learn.microsoft.com/en-us/windows-hardware/drivers/debugger/bug-check-0x14f--pdc-watchdog-timeout
0x00000150,TCPIP\_AOAC\_NIC\_ACTIVE\_REFERENCE\_LEAK,https://learn.microsoft.com/en-us/windows-hardware/drivers/debugger/bug-check-0x150--tcpip-aoac-nic-active-reference-leak
0x00000151,UNSUPPORTED\_INSTRUCTION\_MODE,https://learn.microsoft.com/en-us/windows-hardware/drivers/debugger/bug-check-0x151--unsupported-instruction-mode
0x00000152,INVALID\_PUSH\_LOCK\_FLAGS,https://learn.microsoft.com/en-us/windows-hardware/drivers/debugger/bug-check-0x152--invalid-push-lock-flags
0x00000153,KERNEL\_LOCK\_ENTRY\_LEAKED\_ON\_THREAD\_TERMINATION,https://learn.microsoft.com/en-us/windows-hardware/drivers/debugger/bug-check-0x153--kernel-lock-entry-leaked-on-thread-termination
0x00000154,UNEXPECTED\_STORE\_EXCEPTION,https://learn.microsoft.com/en-us/windows-hardware/drivers/debugger/bug-check-0x154--unexpected-store-exception
0x00000155,OS\_DATA\_TAMPERING,https://learn.microsoft.com/en-us/windows-hardware/drivers/debugger/bug-check-0x155--os-data-tampering
0x00000157,KERNEL\_THREAD\_PRIORITY\_FLOOR\_VIOLATION,https://learn.microsoft.com/en-us/windows-hardware/drivers/debugger/bug-check-0x157--kernel-thread-priority-floor-violation
0x00000158,ILLEGAL\_IOMMU\_PAGE\_FAULT,https://learn.microsoft.com/en-us/windows-hardware/drivers/debugger/bug-check-0x158--illegal-iommu-page-fault
0x00000159,HAL\_ILLEGAL\_IOMMU\_PAGE\_FAULT,https://learn.microsoft.com/en-us/windows-hardware/drivers/debugger/bug-check-0x159--hal-illegal-iommu-page-fault
0x0000015A,SDBUS\_INTERNAL\_ERROR,https://learn.microsoft.com/en-us/windows-hardware/drivers/debugger/bug-check-0x15a--sdbus-internal-error
0x0000015B,WORKER\_THREAD\_RETURNED\_WITH\_SYSTEM\_PAGE\_PRIORITY\_ACTIVE,https://learn.microsoft.com/en-us/windows-hardware/drivers/debugger/bug-check-0x15b--worker-thread-returned-with-system-page-priority-active
0x00000160,WIN32K\_ATOMIC\_CHECK\_FAILURE,https://learn.microsoft.com/en-us/windows-hardware/drivers/debugger/bug-check-0x160--win32k-atomic-check-failure
0x00000162,KERNEL\_AUTO\_BOOST\_INVALID\_LOCK\_RELEASE,https://learn.microsoft.com/en-us/windows-hardware/drivers/debugger/bug-check-0x162--kernel-auto-boost-invalid-lock-release
0x00000163,WORKER\_THREAD\_TEST\_CONDITION,https://learn.microsoft.com/en-us/windows-hardware/drivers/debugger/bug-check-0x163--worker-thread-test-condition
0x00000164,WIN32K\_CRITICAL\_FAILURE,https://learn.microsoft.com/en-us/windows-hardware/drivers/debugger/bug-check-0x164--win32k-critical-failure
0x0000016C,INVALID\_RUNDOWN\_PROTECTION\_FLAGS,https://learn.microsoft.com/en-us/windows-hardware/drivers/debugger/bug-check-0x16c--invalid-rundown-protection-flags
0x0000016D,INVALID\_SLOT\_ALLOCATOR\_FLAGS,https://learn.microsoft.com/en-us/windows-hardware/drivers/debugger/bug-check-0x16d--invalid-slot-allocator-flags
0x0000016E,ERESOURCE\_INVALID\_RELEASE,https://learn.microsoft.com/en-us/windows-hardware/drivers/debugger/bug-check-0x16e--eresource-invalid-release
0x00000170,CLUSTER\_CSV\_CLUSSVC\_DISCONNECT\_WATCHDOG,https://learn.microsoft.com/en-us/windows-hardware/drivers/debugger/bug-check-0x170--cluster-csv-clussvc-disconnect-watchdog
0x00000171,CRYPTO\_LIBRARY\_INTERNAL\_ERROR,https://learn.microsoft.com/en-us/windows-hardware/drivers/debugger/bug-check-0x171--crypto-library-internal-error
0x00000173,COREMSGCALL\_INTERNAL\_ERROR,https://learn.microsoft.com/en-us/windows-hardware/drivers/debugger/bug-check-0x173--coremsgcall-internal-error
0x00000174,COREMSG\_INTERNAL\_ERROR,https://learn.microsoft.com/en-us/windows-hardware/drivers/debugger/bug-check-0x174--coremsg-internal-error
0x00000178,ELAM\_DRIVER\_DETECTED\_FATAL\_ERROR,https://learn.microsoft.com/en-us/windows-hardware/drivers/debugger/bug-check-0x178--elam-driver-detected-fatal-error
0x0000017B,PROFILER\_CONFIGURATION\_ILLEGAL,https://learn.microsoft.com/en-us/windows-hardware/drivers/debugger/bug-check-0x17b--profiler-configuration-illegal
0x0000017E,MICROCODE\_REVISION\_MISMATCH,https://learn.microsoft.com/en-us/windows-hardware/drivers/debugger/bug-check-0x17e--microcode-revision-mismatch
0x00000187,VIDEO\_DWMINIT\_TIMEOUT\_FALLBACK\_BDD,https://learn.microsoft.com/en-us/windows-hardware/drivers/debugger/bug-check-0x187--video-dwminit-timeout-fallback-bdd
0x00000189,BAD\_OBJECT\_HEADER,https://learn.microsoft.com/en-us/windows-hardware/drivers/debugger/bug-check-0x189--bad-object-header
0x0000018B,SECURE\_KERNEL\_ERROR,https://learn.microsoft.com/en-us/windows-hardware/drivers/debugger/bug-check-0x18b--secure-kernel-error
0x0000018C,HYPERGUARD\_VIOLATION,https://learn.microsoft.com/en-us/windows-hardware/drivers/debugger/bug-check-0x18c--hyperguard-violation
0x0000018D,SECURE\_FAULT\_UNHANDLED,https://learn.microsoft.com/en-us/windows-hardware/drivers/debugger/bug-check-0x18d--secure-fault-unhandled
0x0000018E,KERNEL\_PARTITION\_REFERENCE\_VIOLATION,https://learn.microsoft.com/en-us/windows-hardware/drivers/debugger/bug-check-0x18e--kernel-partition-reference-violation
0x00000191,PF\_DETECTED\_CORRUPTION,https://learn.microsoft.com/en-us/windows-hardware/drivers/debugger/bug-check-0x191--pf-detected-corruption
0x00000192,KERNEL\_AUTO\_BOOST\_LOCK\_ACQUISITION\_WITH\_RAISED\_IRQL,https://learn.microsoft.com/en-us/windows-hardware/drivers/debugger/bug-check-0x192--kernel-auto-boost-lock-acquisition-with-raised-irql
0x00000196,LOADER\_ROLLBACK\_DETECTED,https://learn.microsoft.com/en-us/windows-hardware/drivers/debugger/bug-check-0x196--loader-rollback-detected
0x00000197,WIN32K\_SECURITY\_FAILURE,https://learn.microsoft.com/en-us/windows-hardware/drivers/debugger/bug-check-0x197--win32k-security-failure
0x00000199,KERNEL\_STORAGE\_SLOT\_IN\_USE,https://learn.microsoft.com/en-us/windows-hardware/drivers/debugger/bug-check-0x199--kernel-storage-slot-in-use
0x0000019A,WORKER\_THREAD\_RETURNED\_WHILE\_ATTACHED\_TO\_SILO,https://learn.microsoft.com/en-us/windows-hardware/drivers/debugger/bug-check-0x19a--worker-thread-returned-while-attached-to-silo
0x0000019B,TTM\_FATAL\_ERROR,https://learn.microsoft.com/en-us/windows-hardware/drivers/debugger/bug-check-0x19b--ttm-fatal-error
0x0000019C,WIN32K\_POWER\_WATCHDOG\_TIMEOUT,https://learn.microsoft.com/en-us/windows-hardware/drivers/debugger/bug-check-0x19c--win32k-power-watchdog-timeout
0x000001A0,TTM\_WATCHDOG\_TIMEOUT,https://learn.microsoft.com/en-us/windows-hardware/drivers/debugger/bug-check-0x1a0--ttm-watchdog-timeout
0x000001A2,WIN32K\_CALLOUT\_WATCHDOG\_BUGCHECK,https://learn.microsoft.com/en-us/windows-hardware/drivers/debugger/bug-check-0x1a2--win32k-callout-watchdog-bugcheck
0x000001AA,EXCEPTION\_ON\_INVALID\_STACK,https://learn.microsoft.com/en-us/windows-hardware/drivers/debugger/bug-check-0x1aa-exception-on-invalid-stack
0x000001AB,UNWIND\_ON\_INVALID\_STACK,https://learn.microsoft.com/en-us/windows-hardware/drivers/debugger/bug-check-0x1ab-unwind-on-invalid-stack
0x000001C6,FAST\_ERESOURCE\_PRECONDITION\_VIOLATION,https://learn.microsoft.com/en-us/windows-hardware/drivers/debugger/bug-check-0x1c6--fast-eresource-precondition-violation
0x000001C7,STORE\_DATA\_STRUCTURE\_CORRUPTION,https://learn.microsoft.com/en-us/windows-hardware/drivers/debugger/bug-check-0x1c7--store-data-structure-corruption
0x000001C8,MANUALLY\_INITIATED\_POWER\_BUTTON\_HOLD,https://learn.microsoft.com/en-us/windows-hardware/drivers/debugger/bug-check-0x1c8--manually-initiated-power-button-hold
0x000001CA,SYNTHETIC\_WATCHDOG\_TIMEOUT,https://learn.microsoft.com/en-us/windows-hardware/drivers/debugger/bug-check-0x1ca--synthetic-watchdog-timeout
0x000001CB,INVALID\_SILO\_DETACH,https://learn.microsoft.com/en-us/windows-hardware/drivers/debugger/bug-check-0x1cb--invalid-silo-detach
0x000001CD,INVALID\_CALLBACK\_STACK_ADDRESS,https://learn.microsoft.com/en-us/windows-hardware/drivers/debugger/bug-check-0x1cd--invalid-callback-stack-address
0x000001CE,INVALID\_KERNEL\_STACK\_ADDRESS,https://learn.microsoft.com/en-us/windows-hardware/drivers/debugger/bug-check-0x1ce--invalid-kernel-stack-address
0x000001CF,HARDWARE\_WATCHDOG\_TIMEOUT,https://learn.microsoft.com/en-us/windows-hardware/drivers/debugger/bug-check-0x1cf--hardware-watchdog-timeout
0x000001D0,CPI\_FIRMWARE\_WATCHDOG\_TIMEOUT,https://learn.microsoft.com/en-us/windows-hardware/drivers/debugger/bug-check-0x1d0--acpi-firmware-watchdog-timeout
0x000001D2,WORKER\_THREAD\_INVALID\_STATE,https://learn.microsoft.com/en-us/windows-hardware/drivers/debugger/bug-check-0x1d2--worker-thread-invalid-state
0x000001D3,WFP\_INVALID\_OPERATION,https://learn.microsoft.com/en-us/windows-hardware/drivers/debugger/bug-check-0x1d3--wfp-invalid-operation
0x000001D5,DRIVER_PNP_WATCHDOG,https://learn.microsoft.com/en-us/windows-hardware/drivers/debugger/bug-check-0x1d5--driver-pnp-watchdog
0x000001D6,WORKER\_THREAD\_RETURNED\_WITH\_NON\_DEFAULT\_WORKLOAD\_CLASS,https://learn.microsoft.com/en-us/windows-hardware/drivers/debugger/bug-check-0x1d6--worker-thread-returned-with-non-default-workload-class
0x000001D7,EFS\_FATAL\_ERROR,https://learn.microsoft.com/en-us/windows-hardware/drivers/debugger/bug-check-0x1d7--efs-fatal-error
0x000001D8,UCMUCSI\_FAILURE,https://learn.microsoft.com/en-us/windows-hardware/drivers/debugger/bug-check-0x1d8--ucmucsi-failure
0x000001D9,HAL\_IOMMU\_INTERNAL\_ERROR,https://learn.microsoft.com/en-us/windows-hardware/drivers/debugger/bug-check-0x1d8--ucmucsi-failure
0x000001DA,HAL\_BLOCKED\_PROCESSOR\_INTERNAL\_ERROR,https://learn.microsoft.com/en-us/windows-hardware/drivers/debugger/bug-check-0x1da--hal-blocked-processor-internal-error
0x000001DB,IPI\_WATCHDOG\_TIMEOUT,https://learn.microsoft.com/en-us/windows-hardware/drivers/debugger/bug-check-0x1db--ipi-watchdog-timeout
0x000001DC,DMA_COMMON_BUFFER_VECTOR_ERROR,https://learn.microsoft.com/en-us/windows-hardware/drivers/debugger/bug-check-0x1dc--dma-common-buffer-vector-error
0x000001DD,BUGCODE\_MBBADAPTER\_DRIVER,https://learn.microsoft.com/en-us/windows-hardware/drivers/debugger/bug-check-0x1dd--bugcode-mbbadapter-driver
0x000001DE,BUGCODE\_WIFIADAPTER\_DRIVER,https://learn.microsoft.com/en-us/windows-hardware/drivers/debugger/bug-check-0x1de--bugcode-wifiadapter-driver
0x000001DF,PROCESSOR\_START\_TIMEOUT,https://learn.microsoft.com/en-us/windows-hardware/drivers/debugger/bug-check-0x1df--processor-start-timeout
0x000001E4,VIDEO\_DXGKRNL\_SYSMM_FATAL_ERROR,https://learn.microsoft.com/en-us/windows-hardware/drivers/debugger/bug-check-0x1e4--video-dxgkrnl-sysmm-fatal-error
0x000001E9,ILLEGAL\_ATS\_INITIALIZATION,https://learn.microsoft.com/en-us/windows-hardware/drivers/debugger/bug-check-0x1e9--illegal-ats-initialization
0x000001EA,SECURE\_PCI\_CONFIG\_SPACE\_ACCESS\_VIOLATION,https://learn.microsoft.com/en-us/windows-hardware/drivers/debugger/bug-check-0x1ea--secure-pci-config-space-access-violation
0x000001EB,DAM\_WATCHDOG\_TIMEOUT,https://learn.microsoft.com/en-us/windows-hardware/drivers/debugger/bug-check-0x1eb--dam-watchdog-timeout
0x000001ED,HANDLE\_ERROR\_ON\_CRITICAL\_THREAD,https://learn.microsoft.com/en-us/windows-hardware/drivers/debugger/bug-check-0x1ed--handle-error-on-critical-thread
0x000001F1,KASAN\_ENLIGHTENMENT\_VIOLATION,https://learn.microsoft.com/en-us/windows-hardware/drivers/debugger/bug-check-0x1f1--kasan-enlightement-violation
0x000001F2,KASAN\_ILLEGAL\_ACCESS,https://learn.microsoft.com/en-us/windows-hardware/drivers/debugger/bug-check-0x1f2--kasan-illegal-access
0x00000356,XBOX\_ERACTRL\_CS\_TIMEOUT,https://learn.microsoft.com/en-us/windows-hardware/drivers/debugger/bug-check-0x356--xbox-eractrl-cs-timeout
0x00000BFE,BC\_BLUETOOTH\_VERIFIER\_FAULT,https://learn.microsoft.com/en-us/windows-hardware/drivers/debugger/bug-check-0xbfe--bc-bluetooth-verifier-fault
0x00000BFF,BC\_BTHMINI\_VERIFIER\_FAULT,https://learn.microsoft.com/en-us/windows-hardware/drivers/debugger/bug-check-0xbff--bc-bthmini-verifier-fault
0x00020001,HYPERVISOR\_ERROR,https://learn.microsoft.com/en-us/windows-hardware/drivers/debugger/bug-check-0x20001--hypervisor-error
0x1000007E,SYSTEM\_THREAD\_EXCEPTION\_NOT\_HANDLED\_M,https://learn.microsoft.com/en-us/windows-hardware/drivers/debugger/bug-check-0x1000007e--system-thread-exception-not-handled-m
0x1000007F,UNEXPECTED\_KERNEL\_MODE\_TRAP\_M,https://learn.microsoft.com/en-us/windows-hardware/drivers/debugger/bug-check-0x1000007f--unexpected-kernel-mode-trap-m
0x1000008E,KERNEL\_MODE\_EXCEPTION\_NOT\_HANDLED\_M,https://learn.microsoft.com/en-us/windows-hardware/drivers/debugger/bug-check-0x1000008e--kernel-mode-exception-not-handled-m
0x100000EA,THREAD\_STUCK\_IN\_DEVICE\_DRIVER\_M,https://learn.microsoft.com/en-us/windows-hardware/drivers/debugger/bug-check-0x100000ea--thread-stuck-in-device-driver-m
0x4000008A,THREAD\_TERMINATE\_HELD\_MUTEX,https://learn.microsoft.com/en-us/windows-hardware/drivers/debugger/bug-check-0x4000008a--thread-terminate-held-mutex
0xC0000218,STATUS\_CANNOT\_LOAD\_REGISTRY\_FILE,https://learn.microsoft.com/en-us/windows-hardware/drivers/debugger/bug-check-0xc0000218--status-cannot-load-registry-file
0xC000021A,WINLOGON\_FATAL\_ERROR,https://learn.microsoft.com/en-us/windows-hardware/drivers/debugger/bug-check-0xc000021a--winlogin-fatal-error
0xC0000221,STATUS\_IMAGE\_CHECKSUM\_MISMATCH,https://learn.microsoft.com/en-us/windows-hardware/drivers/debugger/bug-check-0xc0000221--status-image-checksum-mismatch
0xDEADDEAD,MANUALLY\_INITIATED\_CRASH1,https://learn.microsoft.com/en-us/windows-hardware/drivers/debugger/bug-check-0xdeaddead--manually-initiated-crash1
